'80000851492017600',
'80000839549002539',
'80000902093092246',
'80000841107047016',
'80000851486092127',
'80000851496054755',
'80000841107073866',
'80000902089051567',
'80000896765010689',
'80000902093018648',
'80000850613096954',
'80000851494129749',
'80000850615034095',
'80000850613068020',
'80000902091093488',
'80000902091104438',
'80000902093053869',
'80000851492053330',
'80000850617047228',
'80000851496020587',
'80000902091090213',
'80000902089047217',
'80000850613103762',
'80000902089072492',
'80000850615008174',
'80000851494135470',
'80000902091080988',
'80000902089044892',
'80000851486054246',
'80000851496048479',
'80000850617068526',
'80000851496076200',
'80000851494052883',
'80000851486024892',
'80000851492119535',
'80000902091102263',
'80000851492099505',
'80000851496037138',
'80000896765016107',
'80000851496069859',
'80000902089030967',
'80000902091013348',
'80000850613106660',
'80001164024055618',
'80001268960001342',
'80001268960001342',
'80001268960001342',
'80001268960001342',
'80000902089055167',
'80000850613057187',
'80000851494070072',
'80000850615035728',
'80000850617060361',
'80000851496069714',
'80000850615057486',
'80000850617011049',
'80000902093085126',
'80000850615031841',
'80000850615009784',
'80000851492124745',
'80000902089059442',
'80000868369000438',
'80000850615078899',
'80000902089061117',
'80000841107029274',
'80000902089042667',
'80000902089086892',
'80000902093112721',
'80000896765019121',
'80000851494059224',
'80001290291032968',
'80001290291032968',
'80000850615075495',
'80000910899001406',
'80000851494104236',
'80000851496072636',
'80000851486051897',
'80000902093074224',
'80000851486018898',
'80000850615110363',
'80000902093018398',
'80000902093032698',
'80001268960001342',
'80001268960001342',
'80001268960001342',
'80001268960001342',
'80000850615039776',
'80000902091089438',
'80000902089049842',
'80000841107077791',
'80000840587004244',
'80000850617012958',
'80000851486019168',
'80001290291060373',
'80001290291060373',
'80001290291060373',
'80000902089038117',
'80000851496043374',
'80000902093075098',
'80000851494136989',
'80000902091008723',
'80000841107069766',
'80000850615032968',
'80000902093053202',
'80000851486014956',
'80000851494068629',
'80000902089069517',
'80000850617023952',
'80000902091101463',
'80000902089029142',
'80000851492096260'